,alpha,beta,gamma,accident
0,3.383671197,50.74649572,46.87216658,0
1,4.176610043,5.226340574,33.54101966,0
2,4.61721508,4.489557018,57.93962375,0
3,2.110349815,3.304479431,9.433981132,0
4,24.77172037,53.97847146,0,1
5,3.108819956,3.059309734,133.2816567,0
6,5.922322703,1.160489181,5,0
7,3.696211814,8.212410681,27.65863337,0
8,4,3.784356201,62.39390996,0
9,8.364762178,15.11872348,88.23264702,0
10,4.40370085,1.205736124,37.69615365,0
11,3.440585243,13.08102817,195.2434378,0
12,7.785122721,149.0484765,21,1
13,5.051860881,157.1225699,246.6292764,0
14,6.637697123,4.629216666,238.6482768,0
15,3.604683942,2.86532358,308.5854825,0
16,2.863672318,2.64578331,66.09841148,0
17,5.34659981,19.91004598,29.41088234,1
18,3.256755823,16.21888095,105.2235715,0
19,20.70159236,28.27956867,105.2235715,1
20,4.475341989,49.37128483,97.02061637,0
21,8.71697498,2.560860061,48.50773134,0
22,2.656429488,63.34160045,108.9036271,0
23,15.04470009,3.354073861,3,1
24,3.414579279,8.340539977,52.49761899,0
25,2,8.54E-07,70.80254233,0
26,3.378602406,41.3744648,81.60882305,0
27,3.65028154,20.41938981,192.8989373,0
28,3.181980515,19.610492,111.5212984,0
29,3.18844947,32.11256285,60.14149982,0
30,3.290160531,9.751091886,77.23341246,0
31,3.101736342,11.82232789,134.5250906,0
32,4.038843615,16.18167384,132.4122351,0
33,3.65028154,20.98585873,83.40863265,0
34,5.00551831,8.547167159,186.9358179,0
35,3.425219281,6.814477803,32.20248438,0
36,3.716386449,3.775266081,32.31098884,0
37,2.61837302,10.08098975,91.58602513,0
38,8.16227766,10.14179699,87.00574694,0
39,5.459193193,9.219608231,126.1784451,0
40,4.047645444,10.79861062,158.5496768,0
41,5.67398638,0.617804869,89.37561189,0
42,6.143214868,4.533581591,79.07591289,0
43,4.784062577,20.39634526,208.9425758,0
44,13.84081341,7.946263424,188.5338166,0
45,8.88402177,17.86570658,107.7821878,0
46,5.398345638,6.85603545,79.906195,0
47,3.437918403,2.92260823,103.247276,0
48,7.411961919,6.464938072,202.7116178,0
49,7.42292814,12.3293103,89.49860334,0
50,2.828427125,1.3432103,77.66595136,0
51,8.051831474,11.68378288,167.5857989,0
52,2.814390407,2.654066056,121.0371844,0
53,4.74341649,1.192865225,86.02325267,0
54,7.09307925,1.133156712,85.44003745,0
55,7.099019514,7.028986611,170.3085435,0
56,2.793816955,16.03795238,191.6585506,0
57,5.335783751,8.411380586,92.45539465,0
58,9.87531437,5.290885118,63.89053138,0
59,6.658796061,6.547290693,63.89053138,0
60,14.27766256,7.490461054,97.52948272,0
61,4.106639487,7.560174281,197.4664528,0
62,3.541550511,13.87850232,50.009999,0
63,6.16227766,7.438374039,71.84010022,0
64,7.180558968,14.5655881,221.6055053,0
65,2.067431585,2.163729527,87.92041856,0
66,7.281524495,11.07730441,96.25487001,0
67,3.702459174,8.775911916,57.80138407,0
68,4.496614778,11.26517385,77.4209274,0
69,7.8173378,1.26400824,101.5184712,0
70,4.828427125,10.98169717,159.8311609,0
71,4.78035085,10.95969472,99.02019996,0
72,2.457737974,12.96630013,154.870914,0
73,3.528991511,8.876838496,119.0378091,0
74,2.5,14.6210988,190.2629759,0
75,5.150401645,7.306505637,172.0377865,0
76,2.319884414,1.112550875,99.00505038,0
77,3.299673171,4.600432948,30.46309242,0
78,3.341640786,0.533830681,99.92497185,0
79,3.536523552,20.21271985,203.5902748,0
80,7.107297612,7.425540218,65.29931087,0
81,2.828427125,9.191268257,86.76981042,0
82,3.642691643,3.699445733,85.91274643,0
83,2.949376383,28.93506572,110.5486318,0
84,4.495610994,3.895453316,86.31338251,0
85,2.83663532,12.48519739,150.4160896,0
86,2.68696307,86.56181786,85.44588931,0
87,2.895866515,10.45118969,41.76122604,0
88,7.211102551,9.648794985,39.92492956,0
89,7.041522987,0.826679883,45.79301257,0
90,5.123105626,1,43.0464865,0
91,29.16332858,2.7018684,49.09175083,1
92,5.343635333,7.098842275,92.31467922,0
93,2.606551851,0.400362066,153.3786165,0
94,4.715683271,27.68032485,136.0294086,0
95,3.178031131,47.07474818,95.13148795,0
96,3.239582992,0.575437648,132.6989073,0
97,7.952072134,6.126723971,159.5054858,0
98,11.11667798,5.550547349,160.6549097,0
99,10.40518048,22.49004555,128.9728654,0
100,4.477864689,4.726499688,113.5693621,0
101,4.251580409,35.49996837,52.69724851,0
102,2.463480706,16.67576117,84.40379138,0
103,4.341640786,26.92549193,135.3513945,0
104,3.118033989,5.123503352,47.4341649,0
105,3.248846838,12.72874412,152.5942332,0
106,5.216370914,30.65188231,67.00746227,0
107,4.709907962,9.563708013,60.40695324,0
108,5.970769212,36.77768689,63.51377803,0
109,14.8430699,3.66559953,117.5159564,0
110,5.256217463,15.01258199,58.05170109,0
111,3.729643965,8.793511711,69.46221995,0
112,10.50776947,30.91994019,145.5781577,0
113,3.634162046,7.84608091,66.3098786,0
114,2.496994146,7.459974818,64.62197769,0
115,9.062257748,7.191075538,152.6433752,0
116,8.008447382,5.973569534,61.26989473,0
117,3.608318916,6.067815273,61.26989473,0
118,8.807886553,6.649626633,58.94064811,0
119,5.823779517,7.628243883,19.02629759,0
120,4.680647042,22.79006281,152.0032894,0
121,4.987016103,4.784608714,51.66236541,0
122,4.123449141,7.2367819,26.90724809,0
123,4.117537639,6.316831846,25.55386468,0
124,7.169195588,7.817833142,19.84943324,0
125,8.645712499,4.475798106,19.72308292,0
126,8.577383915,5.56338249,19.20937271,0
127,3.008114299,4.41885452,22.627417,0
128,7.590169944,3.966013378,23.34523506,0
129,13.29697418,46.74098406,138.6001443,0
130,2.766234428,2.711149899,108.7060256,0
131,3.229481607,0.95307246,88.72992731,0
132,5.605551275,0.787409073,102.6255329,0
133,2.72626765,1.235698066,97.08243919,0
134,3.42763139,38.35354447,39.84971769,0
135,3.817206808,7.714993082,41.61730409,0
136,3.839460649,5.073401959,23.2594067,0
137,7.790984517,3.117501832,24.16609195,0
138,8.444338586,21.96480694,183.7416665,0
139,4.284228251,9.571789397,36.34556369,0
140,3.5,1.692637054,82.8794305,0
141,3.625830604,61.58242243,46.87216658,0
142,3.176381277,81.65914835,94.33981132,0
143,8.861248719,34.68077321,223.8079534,0
144,9.111294807,1.102681257,130.9236419,0
145,8.501654164,45.60540738,158.6001261,0
146,8.498415125,82.65522455,128.4133949,0
147,3.6130997,83.21402609,277.6220452,0
148,8.349811929,110.8550868,151.2878052,0
149,4.986007125,19.72721531,241.9132076,0
150,10.46519879,11.50742666,123.0650235,0
151,3.425606247,52.52793799,141.8731828,0
152,3.260293713,71.23661794,3.605551275,1
153,5.074835545,2.197536611,18.68154169,0
154,3.995990898,6.949743064,242.243679,0
155,18.25119506,44.38721897,183.6736236,1
156,6.686270014,0.833540434,51.07837116,0
157,4.309063401,2.611630431,49.64876635,0
158,4.476406205,3.81653227,57.69748695,0
159,4.13497045,36.22763927,250.4096644,0
160,3.579965204,87.01832869,279.4655614,1
161,4.514856366,84.8426609,315,1
162,5.128284645,2.312249022,303.2094985,0
163,4.946179125,6.623578777,245.1224184,0
164,4.045629995,31.53965456,463.6744548,0
165,6,0.300726015,206.0024272,0
166,23.62736884,4.415862946,517.0145066,1
167,7.091550715,47.41113171,151.9243233,1
168,4.461534828,2.333007885,206.2934803,0
169,6.863043223,12.30962887,326.4980858,0
170,2.474475937,16.77067514,268.1678579,0
171,3.208873799,25.06362237,360.0277767,0
172,2.793424359,23.82680324,268.1678579,0
173,3.64529095,13.33682015,95.713113,0
174,14.19295386,14.49148926,360.0277767,1
175,3.773553661,13.6035872,374.0053476,0
176,4.68487866,0.921589009,82.29823813,0
177,2.124340004,0.106611732,79.17701687,0
178,6.672780507,64.13762981,236.4444967,1
179,10.29832573,36.37483446,142.1724305,1
180,4.252370025,37.00276763,277.9658252,0
181,2.648125961,15.71644078,234.7977853,0
182,2.991569912,40.18421969,202.5561651,0
183,6.749355358,42.87316005,193.4580058,0
184,5.041065535,53.77990131,193.4580058,0
185,18.66270961,45.11223938,149.2648653,1
186,6.189956398,8.11222974,149.2648653,0
187,7.404833941,11.3465532,61.98386887,0
188,4.429538022,18.24597084,100.7025322,0
189,2.594838099,17.51068166,116.0387866,0
190,2.990883037,9.250564188,279.973213,0
191,7.384301148,7.833038061,194.1391254,0
192,6.691630609,6.839718294,180.1554884,0
193,4.146921456,7.13776634,180.1554884,0
194,2.654823106,7.745368454,180.1554884,0
195,4.2149448,1.647911811,223.5553623,0
196,4.932839515,16.09052497,284.4011252,0
197,3.361799297,1.146307153,206.0097085,0
198,2.241233309,6.091059989,216.4901845,0
199,24.09860094,6.450144075,199.8499437,1
200,2.825495483,7.200253393,183.6355085,0
201,7.376549529,20.58530721,183.6355085,0
202,4.968629623,8.642056723,215.1766716,0
203,3.566328462,8.256761598,215.1766716,0
204,14.89424889,6.202117512,388.8200098,1
205,5.192050938,4.198987303,133.6861997,0
206,4.430932167,0.609891092,127.3930924,0
207,5.736690619,50.71884781,179.6273921,0
208,9.354406072,188.4864397,412.5106059,0
209,16.0641048,150.2332784,513.4140629,1
210,2.875417501,9.442124887,196.0229578,0
211,4.242640687,30.12401765,152.1610988,0
212,2.348788336,11.48805881,196.0229578,0
213,7.083316151,3.690103254,401.6416313,0
214,5.869512851,1.891306976,506.9210984,0
215,15.81891561,25.34966476,103.8123307,1
216,2.991826921,3.390332672,335.3863444,0
217,17.93877076,4.374313127,447.8359074,0
218,7.70047191,39.51809532,149.4021419,0
219,9.35826469,20.13367686,265.3167918,0
220,10.26455258,37.51862919,156.2049935,1
221,2.644727905,60.08383261,365.6364314,0
222,3.840930466,76.28191804,589.3394608,0
223,4.010781668,50.23231757,149.4021419,0
224,3.694464,10.68353097,361.0927859,0
225,4.737575899,50.43708327,212.8497122,0
226,3.60051505,19.4860668,205.4190838,0
227,2.666540545,30.70429749,105.3043209,0
228,8.044708884,3.188261072,275.1181564,0
229,8.300640755,0.839395081,74.46475676,1
230,2.309176151,0.499272258,2.236067977,0
231,12.58432685,15.54470139,112.4499889,1
232,4.810115435,24.54009203,132.0340865,0
233,4.668332813,36.64725686,118.3089177,0
234,8.24304212,17.58972718,232.4413905,0
235,4.597724002,6.99016949,255.0019608,0
236,2.930136362,1.669625284,107.1680923,0
237,6.375006882,0.168257593,270.8228203,0
238,15.67258685,43.33282101,227.4313083,1
239,2.58113883,16.65170462,166.4812302,0
240,2.942641371,34.19832651,153.2187978,0
241,2.579678369,28.57485594,109.4805919,0
242,13.68351226,20.06636329,97.83659847,1
243,10.25690246,41.46656428,145.8903698,1
244,4.768315529,19.35564861,85,0
245,4.60629152,12.16417044,85,0
246,3.061552813,3.392635211,91.70605214,0
247,3.208549832,18.42545607,88.02272434,0
248,4.728505519,20.59298737,359.2005011,0
249,7.426220028,5.009490472,361.8646156,0
250,11.14058269,15.38742832,184.6212339,1
251,2.869111085,9.907778041,125.9245806,0
252,4.131244003,12.23440696,139.78555,0
253,4.127173181,10.73956797,229.9434713,0
254,3.841426685,12.86636462,215.425161,0
255,2.276038004,9.284148352,145,0
256,2.153446031,5.610651451,173.1704363,0
257,3.796813582,7.319174652,125.399362,0
258,6.635423008,9.999170556,121.6716894,0
259,3.242688112,16.18409792,197.3144698,0
260,4.287741018,13.79138385,127.440182,0
261,2.85491686,7.091286095,119.0126044,0
262,2.270428402,17.88106293,127.440182,0
263,5.042638158,4.025969431,130.3572016,0
264,7.976427979,9.365506589,152.7416119,0
265,3.733057755,4.857194213,386.3495826,0
266,7.087159926,3.050325734,428.4308579,0
267,71.73467819,1.245861198,216.9101196,0
268,2.745533882,0.125161255,196.3058838,0
269,25.78305528,26.42758323,21.9317122,1
270,21.14816593,2.333740261,138.5929291,1
271,7.174784427,10.71718097,228.5278976,0
272,2.587444396,1.603059411,76.02631123,0
273,2.421591778,3.904184796,68.44705983,0
274,9.157965216,4.366890974,157.0795977,0
275,6.561726145,0.577205987,201.5167487,0
276,5.680665763,130.2818897,86.28441342,0
277,15.76163136,35.07314275,5.385164807,1
278,7.470046718,11.97087631,179.8249148,0
279,4.175172443,5.630777137,92.08691547,0
280,3.406552604,11.08175826,99.98499887,0
281,13.66994012,15.12034715,99.98499887,1
282,2.257104152,22.78525645,107.0560601,0
283,2.573396006,25.29286575,100.6628035,0
284,4.406187932,60.32364354,107.54069,0
285,6.970188591,57.43610375,167.8004768,0
286,2.942054615,7.054725028,91.54780172,0
287,6.550763662,11.26744854,158.6474078,0
288,17.2746538,22.78530798,5,1
289,2.438466713,1.403871172,121.4125199,0
290,12.64787491,4.019037101,79.15806971,1
291,6.051728268,1.785350966,72.00694411,0
292,5.007794315,4.243016613,25.96150997,0
293,3.246320748,1.132212856,127.4244874,0
294,2.723933193,15.34040979,336.6570956,0
295,4.176110941,3.943131378,235.7477465,0
296,10.04651947,9.306029068,67.06713055,1
297,5.019764838,1.665525466,194.4865034,0
298,2.19843815,5.278793334,68.0661443,0
299,17.23606798,0.711566263,182.3869513,1
300,2.580847433,1.730560345,125.2078272,0
301,5.060412694,1.173102068,165.1484181,0
302,7.076497835,3.419079542,199.1506967,0
303,5.136899381,0.968044507,155.6406117,0
304,2.414213562,2.441863054,153.0522787,0
305,4.935645052,2.604100359,164.0152432,0
306,6.634421945,19.41641522,73.59347797,0
307,3.219683726,11.84842036,67.44627492,0
308,6.802775638,0.585629392,229.5321328,0
309,8.51097957,0.940742171,129.6533841,0
310,2.828427125,0.866461304,233.0600781,0
311,6.885044448,0.811286376,127.6322843,0
312,14.32475631,4.192589288,113.3225485,1
313,2.912598739,5.833698792,161.2513566,0
314,2.414213562,0.365137704,242.5386567,0
315,3.258122454,4.922120212,122,0
316,2.172126542,0.490427622,243.50154,0
317,2.87023554,1.719868848,187.0855419,0
318,3.264911064,0.754427198,247.2023463,0
319,3.414053793,2.615421963,182.9152809,0
320,6.335541461,0.715861748,184.6997564,0
321,3.437242552,1.656813506,124.6515142,0
322,2.965108554,3.720655218,73.8241153,0
323,2.434856155,5.655364889,175.3767373,0
324,4.008796152,29.92223977,68.9492567,0
325,7.149459209,6.084717484,174.8971126,0
326,4.703996712,2.716940133,102.2154587,0
327,11.94865313,3.193869928,156.0801076,1
328,5.295363437,26.00406129,107.3778376,0
329,5.222100115,29.12305974,120.8304597,0
330,16.97512031,12.06414781,57.20139858,1
331,3.879722644,9.679971762,210.2022835,0
332,4.356951079,2.517262429,94.06912352,0
333,4.861872071,1.953983807,221.6055053,0
334,3.496674111,11.26386102,220.4767561,0
335,3.779318561,4.45985139,79.92496481,0
336,5.019117363,4.206123112,77.07788269,0
337,3.432449292,1.786093178,202.0816667,0
338,3.610169929,12.64270982,240.0020833,0
339,2.966264171,7.868185014,114.9086594,0
340,3.297569042,3.095566019,79.101201,0
341,3.112371375,11.79649694,193.9613364,0
342,2.428459556,1.523572269,107.2800075,0
343,7.603515472,0.138465879,238.4156035,0
344,3.471631079,7.879733225,131.6852308,0
345,3.626978434,3.125306191,232.2068044,0
346,16.84562221,44.59823673,10.29563014,1
347,4.19629169,1.769796951,1,1
348,4.103785114,11.13913669,13.60147051,0
349,3.334358962,4.725455823,156.8470593,0
350,4.901136219,52.5950449,89.47066558,1
351,3.954447302,30.4077651,189.4333656,0
352,5.113980865,23.2767548,44.14748011,1
353,3.534533209,19.90094121,65.4369926,0
354,14.45969805,20.80249393,151.2216916,0
355,7.674845647,27.03141258,198.4565444,0
356,2.62104608,24.9485353,164.1249524,0
357,8.670832032,23.88183084,164.1249524,1
358,138.4482372,129.5692425,110.4536102,1
359,3.929750346,16.59835366,187.4166481,0
360,2.761303432,77.75092598,1.414213562,0
361,2.521438008,4.28991243,208.3122656,0
362,5.931483425,130.9180157,254.5780823,0
363,4.360893738,3.553852988,135.0740538,0
364,4.721903395,5.198575629,138.6001443,0
365,3.751177068,2.989254409,298.9397933,0
366,3.860238854,1.350683253,142.1724305,0
367,14.64205772,149.8333005,160.5895389,1
368,5.087608063,94.68143671,80.99382693,0
369,2.240487101,4.184911179,255.9863278,0
370,3.114088043,141.2551024,213.2158531,0
371,4.94161604,150.9497637,183.4393633,0
372,4.649915823,2.536642866,161.4094173,0
373,5.792014228,10.86390906,235.6819891,0
374,19.34188218,119.8325567,119.1007976,1
375,3.08125245,148.2389054,317.6161205,0
376,4.818299043,162.8118174,122.9186723,0
377,6.607803495,1.941845588,141.4284271,0
378,3.187628347,1.630463401,288.8390555,0
379,4.429424039,76.67599704,155.8011553,0
380,2.67497927,4.543812188,68.26419266,0
381,2.990566299,5.536545771,69.85699679,0
382,3.077032961,0.563476975,354.1073284,0
383,5.597235512,0.556454453,168.3240922,0
384,6.328778292,4.299436337,64.89992296,0
385,11.58113883,0.787566049,181.5736765,1
386,5.605551275,1.68413285,34.05877273,0
387,5.78648419,25.65384176,176.663522,0
388,3.455384722,4.472102724,295.6010825,0
389,2.14354375,4,152.4860649,0
390,3.606132638,5.599078949,90.97252332,0
391,2.230793031,1.912488784,157.3340395,0
392,14.14241564,1.597901879,292.2071183,1
393,2.451586009,10.90015254,109.6357606,0
394,9.030050167,8.793854669,313.5362818,0
395,4.849903721,8.273364262,165.7467948,0
396,5.960679039,16.91740949,178.1937148,0
397,3.985196145,26.90314048,110.4536102,0
398,3.944035691,7.645274066,164.7573974,0
399,4.236067977,9.114994596,233.5551327,0
400,4.621923734,0.542939237,301.2806001,0
401,4.095127199,1.678461925,172.6788927,0
402,8.952633994,27.86568682,1,1
403,3.194724364,1.971854151,211.1918559,0
404,4.503918447,17.73582292,166.2077014,0
405,5.661108664,1.28830364,280.8148856,0
406,8.683475088,3.704619736,113.1459235,0
407,2.577470693,9.920736987,114.5862121,0
408,3.460162824,10.78950083,263.0475242,0
409,8.997236032,0.766425208,159.5054858,0
410,6.385164807,89.66353521,52.88667129,1
411,3.946461113,27.0910757,197.6486782,0
412,11.27238741,8.217064033,138.7407655,1
413,2.176964699,8.044723311,138.7407655,0
414,3.08113883,18.34868843,415.2156066,0
415,10.60232527,26.0394716,212.7275253,0
416,13.11891347,1.450882356,345.4750353,0
417,2.554318912,1.904082847,188.0452073,0
418,3.143776259,4.466767648,361.6531487,0
419,4.061552813,32.33464504,178.3059169,0
420,2.366104695,1.446625211,363.1115531,0
421,2.557757312,25.87388316,194.5096399,0
422,2.589024858,33.38310335,199.8324298,0
423,3.853283058,34.61920981,199.8324298,0
424,5.656854249,6.015683201,410.487515,0
425,6.239902908,0.703049324,179.7386992,0
426,4.243407452,42.99439102,199.9699977,0
427,3.025889269,45.92156271,229.3861373,0
428,3.124505344,13.93448209,199.6922632,0
429,2.773888223,1.019553752,165.4690303,0
430,5.158847594,0.575200915,327.2201094,0
431,3.113886734,0.070081586,327.184963,0
432,3.133598426,0.212545202,327.184963,0
433,4.381412864,10.467514,234.7104599,0
434,3.061552813,1.741095575,295.3116997,0
435,10.97527468,0.592072526,332.2167967,0
436,16.82955091,3.806357915,278.2966044,1
437,3.101268347,0.146556925,372.7425385,0
438,10.37163599,2.862626804,339.2285365,0
439,3.584191331,1.181530244,267.6863837,0
440,3.984452846,2.576968702,171.2366783,0
441,3.173609173,1.641735859,360.0138886,0
442,9.85111213,0.074237198,239.0836674,0
443,3.006766989,2.848272804,359.5622338,0
444,2.686316274,161.6758799,137.8731301,0
445,2.700709484,147.405106,299.8166106,0
446,3.190029643,160.1670748,225.8428657,0
447,36.70888454,126.8958361,336.6897682,1
448,3.871676022,6.085441793,342.5317504,0
449,8.79207302,7.651152043,284.0158446,0
450,7.4,2.53100464,190.0236827,0
451,3.236067977,0.346368388,245.0734584,0
452,5.490918628,12.54913995,235.3061835,0
453,2.162834851,47.43023876,180.3995565,0
454,3.65028154,1.215361701,239.3846277,0
455,5.464985704,0.417811262,282.6817999,0
456,4.236067977,0.463290926,295.2033198,0
457,3.270378534,7.97401527,210.0523744,0
458,3.246268838,16.45871012,208.5569467,0
459,5.748111759,14.22715169,225.8340098,0
460,3.20312066,20.22963318,244.761108,0
461,2.581747514,34.2765835,171.0263138,0
462,10.85501986,71.83104322,225.3907718,1
463,2.614428924,3.260346702,235.0170207,0
464,2.152971984,30.50738097,195.0205117,0
465,3.40370085,1.979689154,187.2671888,0
466,2.699540566,93.10404573,293.4910561,0
467,4.327236014,88.00771148,336.4401878,0
468,8.351710223,0.294885027,187.2671888,0
469,4.096740934,26.7162634,128.5612694,0
470,3.258122454,20.05022355,180.4134141,0
471,4.736174404,15.25113453,251.0298787,0
472,2.810006642,31.86821668,129.3560977,0
473,9.973820766,34.80860318,140.7302384,1
474,5.101239318,9.569980992,110.4219181,0
475,3.054092553,0.719614668,434.0103685,0
476,3.234216673,6.301692717,412.3166259,0
477,2.58379662,2.632091789,400.4247745,0
478,14.30906089,3.777477629,393.8781537,1
479,6.860521019,43.58861143,124.2577965,0
480,4.296965765,63.09532399,123.9072234,0
481,2.679281542,69.60248998,136.7406304,0
482,8.063401175,4.9954084,55.47071299,0
483,2.371328312,63.51412849,139.4453298,0
484,12.06061433,61.88948336,163.9329131,1
485,4.666927071,2.024618751,224.5551157,0
486,9.90569415,3.459520595,163.2482772,0
487,2.993575988,0.431607153,170.7629936,0
488,5.236067977,0.141925088,161.9876539,0
489,2.846049894,0.073569199,165.6773974,0
490,3.104703476,0.129376606,159.9312352,0
491,5.772347876,1.567831655,215.8703314,0
492,2.234908904,35.58349437,295.3929586,0
493,5.218002825,1.703844215,108.853112,0
494,5.650608175,3.611792735,303.3496333,0
495,4.828944327,2.527140994,156.3393744,0
496,9.232988186,2.798124938,145.1206395,0
497,2.402932234,28.26472441,408.447059,0
498,4.255692291,17.68610769,58.05170109,0
499,5.222100115,23.76786423,280.0446393,0
500,2.482472178,2.452585228,272.2443755,0
501,3.298167128,1.867999839,98.00510191,0
502,4.65224289,90.72002484,189.528362,0
503,5.715835167,102.4734178,265.1075254,0
504,4.788854382,4.180224289,75.92759709,0
505,3.412764788,4.070465935,70.57619995,0
506,2.359407167,2.186791519,63.13477647,0
507,6.08314479,1.208950329,86.31338251,0
508,7.926816205,20.67789587,290.0775758,0
509,4.085705847,15.63322326,104.6947945,0
510,5.428606242,22.05244085,60.00833275,0
511,4.575986246,14.33395817,286.6670543,0
512,11.62755348,3.607975133,287.2002786,0
513,18.41176929,78.01120325,52.40229003,1
514,3.98871608,10.5485261,9.219544457,0
515,3.70110632,16.71695066,19.92485885,0
516,2.113245813,5.952699838,37.21558813,0
517,5.09165652,2.327016444,103.0776406,0
518,2.040346002,3.393594073,8.062257748,0
519,7.008804963,57.02024626,122.6906679,0
520,5.743903072,7.971989737,95.46203434,0
521,4.642279125,67.51409769,67.46851117,0
522,2.333333333,0.087599595,146.2497863,0
523,3.121320344,0.034810469,146.2497863,0
524,6.3789994,29.89393785,60.53924347,0
525,8.528805786,17.26005329,121.8072247,0
526,4.884639344,3.086580299,110.4762418,0
527,2.784700655,2.118850562,116.2970335,0
528,2.327422019,10.70051796,12.20655562,0
529,2.843908891,6.643966148,81.41252975,0
530,5.305224447,0.921150176,76.32168761,0
531,2.871951536,0.790234202,76.32168761,0
532,2.414213562,0.0329177,156.952222,0
533,2.118033989,0.166973526,157.708592,0
534,7.341640786,6.7213425,89.49860334,0
535,9.183314856,8.146468297,24,1
536,3.118033989,0.214206569,159.1257364,0
537,3.65028154,0.268312643,159.1257364,0
538,3.236067977,0.176423668,160.853971,0
539,2,0.021792549,159.1257364,0
540,2,0.061021142,159.1257364,0
541,3.414213562,0.169010916,161.0745169,0
542,3,0.073399498,159.1257364,0
543,5.196757099,5.520246567,2,0
544,3,0.05973987,158.1518258,0
545,12.57156376,27.22999583,182.2223916,1
546,4.208650777,25.34616697,8.246211251,0
547,3.352844662,0.916472079,236.2794955,0
548,3.679988218,2.479659354,255.1234995,0
549,7.269135414,8.262480026,153.8440769,0
550,7.691196869,4.255271984,107.2007463,0
551,4.687419249,0.434029329,277.5211704,0
552,3.274754878,0.179051839,278.3037908,0
553,3.001982651,22.94518892,120.6026534,0
554,6,0.475418196,278.9265136,0
555,6,0.123998415,278.9265136,0
556,6.099019514,0.102425892,279.5514264,0
557,2,0.052016927,280.1785145,0
558,5.92185622,19.09677544,89.18520057,0
559,3.118033989,19.66242762,83.00602388,0
560,4,19.80794417,75.3923073,0
561,5.103510094,19.42437662,72.44998275,0
562,4.47235037,11.81677762,221.6867159,0
563,2.206652367,2.129819643,223.4323164,0
564,7.015724572,89.3895008,138.0036231,1
565,4.094355407,87.73204507,403.4067426,0
566,3.10095604,106.7115437,157.0031847,0
567,7.338421157,69.22430776,145.3306575,0
568,11.16717264,4.581374322,182.4390309,0
569,15.19758041,5.446334635,135.6502857,0
570,2.494603898,2.098177686,329.953027,0
571,5.047085054,17.86970167,456.3167759,0
572,19.27717788,33.32285933,359.6109008,1
573,6.057246224,29.88446184,446.9418307,0
574,5.362126117,23.30228866,186.4725181,0
575,12.62411025,38.3193492,316.204048,0
576,3.997974814,3.084215082,93.53608929,0
577,2.441887506,23.17640253,228.122774,0
578,2.79753841,17.11755711,116.9316039,0
579,4.429674874,17.21794935,165.0757402,0
580,4.942686093,22.30964688,237.3457394,0
581,3.761223492,60.77271242,51.66236541,0
582,5.222100115,32.74874518,51.66236541,0
583,2.796627045,7.295807195,88.07383266,0
584,2.648039217,2.890046572,86.45229899,0
585,2.343709625,0.451895864,71.56116265,0
586,3.879717361,16.63905458,101.1187421,0
587,2.581564828,28.98155849,250.9123353,0
588,3.790511007,30.54993712,283.3249018,0
589,4.562049935,16.97607503,7.211102551,0
590,4.005992339,21.12247442,161.1489994,0
591,4.279379667,6.08392436,132.6122166,0
592,3.227611947,10.31149786,169.8499338,0
593,3.860521019,0.045347559,410.4948234,0
594,2.346291202,11.47827136,69.0651866,0
595,9.055854994,4.523962069,69.46221995,1
596,4.726206568,7.41537068,77.88452991,0
597,2.843908891,4.784083077,83.43860018,0
598,4.97702876,8.936020012,174.668257,0
599,2.341640786,5.871274178,124.2336508,0
600,4.423503539,27.09730611,231.5728827,0
601,8.904330611,0.673688745,319.9953125,0
602,12.28629662,1.099443821,200.5716829,0
603,11.40848891,40.52701013,482.7059146,1
604,33.7305185,48.36531238,541.7896271,1
605,2.369836335,49.81486934,531.5881865,0
606,3.437376723,51.97772215,120.3370267,0
607,27.83850488,81.10324347,127.8827588,1
608,2.669643715,96.16086958,161.1862277,0
609,3.489706125,21.49492928,158.9024858,0
610,7.638315042,11.49966544,101.0198,0
611,3.321641604,48.27154578,134.714513,0
612,2.851240597,26.98302708,265.9059984,0
613,7.576023976,99.70135235,267.0168534,0
614,5.075164597,14.27039542,183.1420214,0
615,12.30362745,14.13434226,143.0279693,1
616,3.712132957,14.60468711,154.8063306,0
617,4.25939954,64.22808602,91.78779875,0
618,3.220653225,60.43962831,95.4253635,0
619,3.75093892,47.18786605,143.0279693,0
620,2.505831377,146.2583217,129.6919427,0
621,5.18691381,51.40036994,179.477018,0
622,2.610007138,15.87502472,212.868504,0
623,2.392788867,42.7451728,187.32325,0
624,4.985277915,22.7013725,320.7319753,0
625,7.947672106,59.98645511,62.00806399,0
626,4.748884422,4.802987707,185.6475155,0
627,8.148318498,110.6746418,128.7012043,0
628,2.307008743,0.410444307,201.4571915,0
629,3.509025327,27.50291353,218.5497655,0
630,6.097725473,52.98491252,243.1871707,0
631,4.87046234,15.42406395,290.6888371,0
632,5.208162933,3.203986676,116.211015,0
633,2.165549819,15.7449749,66.06814664,0
634,9.082098796,80.65417041,147.6279106,0
635,9.318628146,93.13351466,228.1775624,0
636,30.78618801,212.9511069,109.0412766,1
637,2.23744705,138.9865744,170.7512811,0
638,7.917714501,97.07053889,241.3462243,0
639,2.104390626,85.95644861,254.892134,0
640,3.501577381,92.4310127,202.2498455,0
641,3.325416783,30.45051594,243.5590278,0
642,4.767289844,8.744644295,202.3116408,0
643,2,2.06E-06,55.22680509,0
644,10.79766953,1.587702723,284.0792143,1
645,2,1.21E-06,375.0013333,0
646,4.808159595,56.07298669,556.596802,0
647,5.005980213,1.492027622,439.9738629,0
648,22.01510301,7.043322397,78.44743463,1
649,5.011686249,7.392977214,152.0032894,0
650,3.8935669,13.97704393,139.3018306,0
651,4.627623898,1.56771103,150.6552356,0
652,2.431417759,20.36398363,89.05054744,0
653,3.52482613,18.91850302,144.0312466,0
654,2.96194288,18.71989168,59.8414572,0
655,3.599760749,15.75663762,84.71717653,0
656,4.979886673,11.55972706,24.16609195,0
657,4.72410586,19.19675044,690.9913169,0
658,8.280109889,20.92088811,51.00980298,0
659,3.07098692,7.563891766,121.6716894,0
660,3.150349345,1.307131308,47.04253395,0
661,11.53212545,7.727617095,136.1910423,1
662,7.451306803,18.45098454,110.5486318,0
663,3.812379949,99.87095103,265.6633208,0
664,4.765492848,59.86887031,400.9214387,0
665,7.300824029,6.736056345,189.3356807,0
666,3.013793755,48.34309438,343.4603325,0
667,6.151348246,25.73667736,43.96589587,0
668,3.827098242,42.23492393,125.2198067,0
669,2.488305219,10.27558737,516.2024797,0
670,2.759173177,16.09356234,406.5181423,0
671,7.903962064,22.375589,135.5581056,0
672,4.310809133,5.957835368,120.5404496,0
673,3.45817079,19.41368359,316.4253466,0
674,28.68122107,9.637615942,230.8354392,1
675,7.659544544,27.46671474,318.7051929,0
676,2.631590293,0.502928486,32.24903099,0
677,4.468461687,3.141359877,113.507709,0
678,3.973459839,0.131311583,74.62573283,0
679,6.658752624,0.656761393,131.4686274,0
680,3.533381147,29.33172877,78,0
681,5.538469442,97.17927683,171.2103969,0
682,7.123265751,3.364182777,190.4337155,0
683,4.376748698,3.54026309,145.3444185,0
684,2.377654452,30.51774429,52,0
685,20.19617992,4.610053404,30.46309242,1
686,6.666870892,1.565749438,30.46309242,0
687,3.88830581,4.280892427,117.6180258,0
688,6.956060181,0.835090105,106.8924693,0
689,3.179586802,0.832181614,106.8924693,0
690,3.414213562,0.69890802,112.6987134,0
691,7.665369738,9.598013954,69.97142274,0
692,6.548118919,6.345563497,68.59300256,0
693,4.159570679,25.06073569,23.02172887,0
694,7.297577517,5.848292369,3,1
695,3.150348256,40.85604046,28.23118843,0
696,4.239310622,6.424905549,133.7535046,0
697,2.208027774,79.18540077,17.88854382,1
698,7.462439196,14.34426537,328.6959081,0
699,2.852798896,26.90347703,167.7647162,0
700,8.113025028,17.11381518,348.9828076,0
701,3.212109602,37.12188366,205.3509192,0
702,3.93427529,24.22678352,136.6199107,0
703,3.364673044,136.2777375,124.6635472,0
704,6.64990555,46.39911009,102.1224755,1
705,8.06844638,12.77974913,103.247276,0
706,3.21090484,13.24810002,120.4159458,0
707,2.58113883,7.011491026,92.66067127,0
708,3.729643965,7.302666701,44.38468204,0
709,5.024922359,0.450855457,51.19570294,0
710,5.181426019,65.74867535,396.807258,0
711,7.061142766,35.27962862,396.807258,0
712,4.933524125,10.0569965,313.1293662,0
713,2.732584945,17.86900894,142.7795504,0
714,12.63208969,2.557963605,344.5359198,0
715,4.13517773,90.23782471,136.6930869,0
716,5.880782286,4.316090321,28.44292531,0
717,2.635812507,2.933460013,201.9727704,0
718,12.71512778,12.15001568,142.0774437,0
719,4.058027746,15.27104525,55.15432893,0
720,3.900821343,4.540033502,54.64430437,0
721,9.308153485,3.648323491,430.3765793,0
722,3.414213562,0.726122857,327.1956601,0
723,2.758487052,6.303862939,19.23538406,0
724,9.388076287,102.1849683,70.34202158,0
725,16.26061817,9.983483916,55.1724569,1
726,6.303854453,10.132717,291.5081474,0
727,7.367966907,34.45188464,282.2941728,0
728,2.664716817,28.58867394,145.8663772,0
729,4.229362381,1.051252093,156.7801008,0
730,2.414213562,2.432891488,148.2464165,0
731,3.437799361,126.6351275,299.2941697,0
732,2.150467291,9.72530267,7.615773106,0
733,3.472323368,12.52416496,160.0781059,0
734,9.109111053,9.305827452,258.4956479,0
735,5.994259878,5.030002062,286.5745976,0
736,2.933533712,7.689499547,61.6116872,0
737,2.808103179,16.37359816,32.38826948,0
738,4.897366596,9.673136941,332.9399345,0
739,3.280414924,27.1639131,59.30430001,0
740,2.244750103,48.30583833,78.00640999,0
741,4.07674397,1.494750192,39.11521443,0
742,5.936557605,1.36551754,49.33558553,0
743,6.516338152,1.159746001,22.20360331,0
744,8.426353812,2.969908869,101.8675611,0
745,2.144386659,9.682492027,15.13274595,0
746,2.712866266,7.351727726,57.00877125,0
747,2.120934218,64.40334526,205.1852821,0
748,3.377886006,30.91394844,35.0142828,0
749,3.770993044,12.29078378,12.16552506,0
750,4.972218273,26.24163037,46.09772229,0
751,6.440058646,62.34088477,66.70832032,0
752,2.403904259,264.66127,280.2516726,0
753,7.421631709,105.7897274,72.36711961,0
754,6.157063951,106.0285602,80.02499609,0
755,3.467925373,24.10687785,44.04543109,0
756,26.17935662,9.138655402,10.81665383,1
757,2.499772709,12.53153612,22.20360331,0
758,3.115039262,15.92447448,22.20360331,0
759,2.867460826,21.81690395,27.65863337,0
760,5.917388864,162.0161203,28.31960452,1
761,2.575245699,13.55037547,56.75385449,0
762,3.735487903,19.40392729,27.65863337,0
763,9.08847104,20.96009156,73.92563831,1
764,4.444754577,9.747095231,118,0
765,7.101702158,22.97469392,198.9095272,0
766,18.48712434,28.60223267,223.8928315,1
767,3.600305233,53.185727,269.584866,0
768,3.861675572,129.4947562,133.0150367,0
769,5.089083065,1.606262641,154.3016526,0
770,4.238103098,0.95814557,349.8242416,0
771,5.355950288,108.1770417,185.0540462,0
772,18.38953342,0.385326063,257.4024087,1
773,11.52306247,9.470817717,345.0985367,0
774,4.882556869,2.372866046,395.0202526,0
775,2.96977156,1.322201407,395.0202526,0
776,9.149868532,0.976572492,93.30058949,1
777,8.129318047,2.949181396,396.1817765,0
778,4.583003369,1.505100484,396.1817765,0
779,14.84567432,17.27752341,275.4959165,0
780,2.068756932,5.415876194,258.7856256,0
781,4.319818719,5.136495261,172.5253605,0
782,15.81559905,1.439042993,228.122774,1
783,3.682804971,123.374884,94.5568612,0
784,5.268956613,9.829833802,151.0529708,0
785,5.61231138,7.582721388,150.029997,0
786,9.61245155,7.374540048,146.1232357,0
787,4.420674885,66.18009941,8.062257748,1
788,4.669977682,1.922596931,120.4865138,0
789,2.029563014,1.387526968,227.0088104,0
790,3.955384722,2.386029655,107.1867529,0
791,5.916642858,12.23526933,20.61552813,0
792,5.878727911,0.535363562,209.2582137,0
793,4.681787006,0.695265375,160.4150866,0
794,24.35148224,154.3230385,131.9734822,1
795,9.081664182,123.1875473,315.5709112,0
796,3.822825292,3.019217531,184.0679222,0
797,4.972272028,76.66298121,144.7342392,0
798,6.807144935,7.050289049,90.60905032,0
799,6.246682364,6.634557721,106.0754448,0
800,2.940613046,7.813998742,129.1394595,0
801,5.041475656,43.10228573,143.4050208,0
802,2.494043335,55.48088779,143.4050208,0
803,5.51770963,172.1081154,26.92582404,1
804,5.852313239,32.50242011,157.1750616,0
805,5.55730709,100.1818701,293.3751864,0
806,2.84709629,1.427870303,136.0918807,0
807,2.69398186,7.077010878,174.4133022,0
808,16.33561682,29.17805786,221.8220007,1
809,5,28.99896671,240,0
810,2.221600463,1.724236107,172.0726591,0
811,3.49893281,2.689630496,172.0726591,0
812,3.037684541,1.620769827,177.045192,0
813,4,11.50400949,336.505572,0
814,4.450110119,88.87916524,63.12685641,0
815,9.954847946,91.09240541,92.07062507,0
816,10.12408353,82.44497678,50.21951812,1
817,6.314735958,59.554066,116.3872845,0
818,7.817604325,25.29191738,283.007067,0
819,4.889013608,29.89579366,84.31488599,0
820,2.605532659,8.898476161,155.1676513,0
821,3.399256715,5.846240925,146.812806,0
822,3.923878299,13.54242459,144.5579469,0
823,7.748377057,14.35315459,181.4662503,0
824,2.543491212,2.202056593,49.16299421,0
825,2.755854349,1.966630265,51.0881591,0
826,9.095706641,13.09937834,159.1540135,0
827,3.394438274,4.808874288,418.8078318,0
828,4.647595786,45.54874815,38.07886553,1
829,2.469070522,0.409955466,110.0409015,0
830,5.885880013,0.218403364,162,0
831,6.935460989,26.65608815,6.708203932,0
832,5.969519927,18.06983449,32.75667871,0
833,6.725750956,56.94862723,96.13532129,0
834,7.375368671,29.10582424,33.83784863,1
835,4.381863001,11.12899448,263.6095598,0
836,13.14582524,15.96050886,245.8007323,0
837,11.89236945,22.92731516,219.6724835,0
838,13.36873256,47.87139145,204.1592516,0
839,5.882061441,34.72731282,170.9064071,0
840,8.953859675,72.42097934,157.6229679,0
841,2.57923433,94.46067311,124.6194206,0
842,2.844463005,10.06886643,214.8418023,0
843,35.53196202,35.86183829,132.0075755,1
844,4.96210508,16.86443172,412.6620894,0
845,4.199806259,93.97978197,50.92150823,0
846,3.653365151,19.81775264,87.92041856,0
847,6.913349068,5.922065086,74.73285757,0
848,2.47855021,3.025051854,65.12296062,0
849,4.393358907,83.46036657,140.8012784,0
850,2.21650116,11.36829034,188.0877455,0
851,4.968902457,126.6693766,140.1285124,0
852,11.72340517,6.688870016,207.1545317,0
853,6.938812457,0.678210323,273.2068813,0
854,2.911621524,5.83254729,21.09502311,0
855,3.536494901,35.70585142,104.6518036,0
856,3.573965585,19.0557186,196.1631974,0
857,2.61245155,1.912906317,196.7053634,0
858,4.01868694,9.541144133,80.43009387,0
859,2.037443328,80.20184557,173.1704363,0
860,5.943767583,43.10205673,212.5111762,0
861,2.459674775,1.570254874,421.6740447,0
862,7.973114997,2.882959471,434.6090197,0
863,3.925725519,3.124775949,441.9739811,0
864,3.875017406,2.683277403,446.6866911,0
865,5.570596576,5.023170083,414.1654259,0
866,2.730426554,10.7412119,375.46904,0
867,2.190229444,9.088051728,375.46904,0
868,13.31917083,15.38645117,419.4687116,0
869,2.791433184,2.363889495,432.0092592,0
870,3.71578954,17.69050374,234.2925522,0
871,3.740229171,18.92544404,314.0143309,0
872,7.572929301,36.64243069,317.2459614,0
873,5.7162336,45.86298167,512.008789,0
874,19.27294484,24.61804936,398.9110176,1
875,10.91992509,39.45466538,402.6623896,0
876,3.198125354,17.39013553,455.3602969,0
877,3.296915965,4.905221584,513.249452,0
878,4.128752341,11.86601415,507.5943262,0
879,2.428007317,1.580949446,292.2190959,0
880,2.413793755,1.684257728,303.0594001,0
881,25.15120806,11.99793041,148.519359,1
882,5.741761413,17.31927285,87.69264507,0
883,6.058975556,16.7840073,122.196563,0
884,6.896181853,2.505960174,150.2331521,0
885,6.310714612,0.494507254,150.2331521,0
886,7.886767142,77.21491843,92.65527508,0
887,4.76898332,12.30664415,73.24616031,0
888,6.894693087,67.63578938,74.96665926,0
889,4.163919152,1.100241165,180.0944197,0
890,4.366806327,14.51314807,95.67131231,0
891,4.219553051,10.1074278,72.53275122,0
892,3.952847075,12.62062082,60.01666435,0
893,10.74642784,8.565552976,95.33624704,1
894,2.569194452,10.29138972,62.96824597,0
895,3.019139192,6.258160192,53.60037313,0
896,5.517641936,8.094796155,56.5154846,0
897,4.965360476,8.478352108,55.97320788,0
898,6.368003004,7.658126645,43.38202393,1
899,5.576777135,4.864766011,54.40588203,0
900,3.437310427,1.56805208,47.16990566,0
901,5.42945236,62.54130838,196.1555505,0
902,4.495610994,44.85328716,82.37718131,0
903,4.222143316,31.09438816,50.35871325,1
904,3.738202871,2.772665281,149.040263,0
905,2.138217544,39.77914413,274.8708788,0
906,4.707641877,20.79728683,376.8938843,0
907,8.09596171,43.05008521,137.0036496,0
908,5.646028347,41.59318003,111.8302285,0
909,5.366460308,19.74738697,337.0534082,0
910,3.513515561,5.256402275,289.2490277,0
911,3.642439507,17.85872541,282.3065709,0
912,2.727821933,16.25255998,25.70992026,0
913,2.533964045,103.8962814,236.89027,0
914,2.884979311,0.839882617,174.9428478,0
915,4.650107374,5.734301823,151.8222645,0
916,24.41249204,144.5040097,56.08029957,1
917,13.8360105,45.627294,126.1784451,0
918,5.396020928,4.702042682,168.3092392,0
919,7.071067812,4.922590047,209.995238,0
920,30.329406,4.876361006,320.0015625,0
921,6.225973544,51.77884363,178.1937148,0
922,3.58113883,5.862852316,158.7734235,0
923,43.60188491,7.435145541,215.7243612,1
924,20.66519892,6.950763523,215.7243612,0
925,3.304560692,63.67636264,102.0784012,0
926,2.764197873,32.73785274,347.807418,0
927,2.592222441,30.88509292,328.2879833,0
928,12.34621477,13.79459911,487.8780585,0
929,5.243958291,6.837115555,129.7998459,0
930,4.542332731,20.06639546,294.3229519,0
931,5.756189449,138.1739628,390,0
932,6.005126696,14.29094226,109.0045871,0
933,3.789485846,0.381285052,223.1434516,0
934,3.920586142,0.07878355,193.0103624,0
935,8.12412946,0.560938038,157.8131807,0
936,3.807590358,18.51310526,164.7938106,0
937,12.15131777,0.65022014,707.8566239,0
938,3.52213153,5.03830229,113.9517442,0
939,4.430453946,63.88075461,469.5189027,0
940,6.209982247,16.32041965,180.4799158,0
941,2.314923348,21.42013858,273.7389267,0
942,4.325182899,52.37455512,315.7926535,0
943,3.690105952,1.716821054,655.0030534,0
944,6.823562451,7.937275906,213.0469432,0
945,10.51269081,5.343313053,326.0061349,0
946,7.663374785,5.053019626,213.0469432,0
947,2.559238375,3.838198421,153.7335357,0
948,2.581250135,5.619958547,260.2325883,0
949,2.996219117,1.565606468,240.5202694,0
950,3.113839624,1.88509718,670.7875968,0
951,19.35884781,2.065903653,681.4587295,0
952,8.322327837,5.285588576,681.4587295,0
953,8.125934211,5.131282847,699.0579375,0
954,4.34995854,6.444890231,179.270745,0
955,3.131596704,145.3661893,680.0007353,0
956,2.58113883,3.914819402,265.2112366,0
957,37.58658988,31.10956975,92.2279784,1
958,5.160631453,14.95195713,92.45539465,0
959,7.508681387,16.49641354,75.58438992,0
960,2.40380767,34.72688485,363.5945544,0
961,2.259769415,36.09417744,140.0714104,0
962,3.061274951,4.821608531,769.3763708,0
963,4.074112857,15.56061723,53.15072906,0
964,2.904569063,10.24789655,25,0
965,2.828427125,2.827192683,31.06444913,0
966,6.959653242,17.36143378,13,1
967,3.14647315,13.82092116,89.88882022,0
968,2.827547069,23.32614513,213.0375554,0
969,4.425208291,43.42200137,134.4618905,0
970,3.249878667,75.55311697,302.9092273,0
971,2.965130279,1.925149345,105.5888252,0
972,6.099723236,50.87675568,448.1573384,0
973,2.751841929,37.22293938,453.4853912,0
974,4.321101933,84.10378057,209.6950166,0
975,3.037133796,102.0258947,224.7153755,0
976,4.470942765,58.43219076,174.1407477,0
977,13.72792206,5.58887353,179.477018,0
978,3.481242148,13.07070436,275.9746365,0
979,8.348647439,3.34752956,105.1903037,0
980,5.390787781,5.786603021,240.7592158,0
981,7.696336803,5.828750632,210.8672568,0
982,5.031302851,132.4324669,303.9078808,0
983,5.092561707,22.08887291,136.2130684,0
984,6.697374762,4.241307401,102.3572176,0
985,3.525729666,6.753188018,284.8876972,0
986,3.88444102,21.10581074,163.370744,0
987,6.926209451,140.5205936,95.27329112,0
988,2.800432682,227.7969705,206.4000969,0
989,16.07248622,127.9329653,327.2628913,0
990,7.228288459,129.4543086,331.3397048,0
991,8.161262561,10.80710927,416.400048,0
992,7.427240389,6.349671409,348.8624371,0
993,3.3837291,3.591605803,152.0690633,0
994,3.761864047,3.076501856,130.6024502,0
995,2.42103958,33.56492902,466.1544808,0
996,3.606685818,71.77541748,245.0652974,0
997,2.283674519,80.26545433,252.3014071,0
998,7.183260039,0.920297041,847.0478145,0
999,3.273361147,44.39300183,207.6246613,0
1000,4.241315083,1.285040091,818.8430863,0
1001,6.958389054,1.63993278,732.2738559,0
1002,5.249990343,49.19218957,468.6245832,0
1003,3.351733775,4.912893365,732.2738559,0
1004,42.46040811,41.26343377,464.5696934,0
1005,5.735516344,4.130058236,620.9669879,0
1006,5.605551275,0.390754638,154.6350542,0
1007,10.80426693,9.684316837,253.3081128,0
1008,2.523647652,1.232068648,249.6497547,0
1009,2.475286612,1.867162376,150.6154043,0
1010,9.062257748,5.021728091,457.2198596,0
1011,5.000814431,4.601339921,329.1094043,0
1012,3.252285931,4.442515962,208.7414669,0
1013,4.28876247,8.164187295,51.7880295,0
1014,2.909446883,2.753503151,33.54101966,0
1015,2.236693885,0.034094043,36.87817783,0
1016,2.442562214,1.82018012,20.61552813,0
1017,4.965130782,20.8497658,157.3054354,0
1018,4.45197828,5.667538252,60.16643583,0
1019,36.33332986,3.909937937,60.16643583,1
1020,5.469585188,197.904797,230.5211487,0
1021,15.84195725,8.260653089,17.2626765,0
1022,21.81114482,23.49901516,33.24154028,1
1023,3.561775132,7.540180493,6,0
1024,4.796573662,3.769275117,116.0172401,0
1025,2.340083305,1.156053957,13.03840481,0
1026,6.769155767,1.581891721,100.019998,0
1027,5.835918178,10.32566419,57.14017851,0
1028,9.019202405,2.46708907,47.04253395,0
1029,5.940074781,4.598629686,36.79673899,0
1030,4.304248884,11.82784547,119.3691753,0
1031,4.640779127,0.22308369,119.3691753,0
1032,3.829319766,1.681364177,126.0991673,0
1033,2.937368184,7.451934907,195.4737834,0
1034,3.290921574,44.66159471,165.8463144,0
1035,2.942086235,58.33542541,75.96051606,0
1036,2.626087232,0.365561277,31.78049716,0
1037,20.34683825,2.620374883,175.1370892,1
1038,35.57223501,15.65428689,153.3949152,1
1039,4.370582258,3.372908751,191.6585506,0
1040,3.444372575,5.942583053,282.1240862,0
1041,3.495144086,7.821080301,266.0075187,0
1042,6.662401236,38.77273943,245.0816191,0
1043,4.232533641,75.31688022,11.40175425,1
1044,20.82506854,20.74059653,101.5972441,1
1045,3.178277333,17.36006078,166.8682115,0
1046,6.195160653,130.5508965,164.5144371,0
1047,23.38018881,123.7377047,246.018292,1
1048,5.367250466,199.8801921,106.212052,0
1049,3.983845959,190.2450721,52.47856705,1
1050,17.13657724,7.679350476,49.72926704,1
1051,2.889365552,164.5381871,259.8326384,0
1052,8.108836642,16.32861377,197.7523704,0
1053,10.60072967,26.73605932,137.7534029,0
1054,4.847847871,8.91361351,76.47875522,0
1055,2.684202859,23.13069327,184.805303,0
1056,3.095999127,18.03113585,196.0102038,0
1057,6.524537328,22.13790779,193.2976979,0
1058,5.357002698,7.175210151,579.0172709,0
1059,10.6678782,64.29241084,222.7397585,0
1060,3.600034835,3.296588185,431.4313387,0
1061,4.202450855,8.814258609,387.7834447,0
1062,19.24828759,7.168396839,223.1882613,1
1063,3.843649807,89.31584117,36.24913792,1
1064,3.843029887,0.63887387,269.2582404,0
1065,6.083570779,3.853646056,36.67424164,0
1066,2.937103719,2.82167404,52.69724851,0
1067,6.409896876,2.951344013,323.8054972,0
